{
  "n_bgcs": 2636,
  "n_splits": 5,
  "esm_representation": "esm2-t33_650M_length_weighted",
  "results": {
    "hashed_architecture": {
      "model": "rf",
      "macro_f1": 0.7841851485440968,
      "weighted_f1": 0.8098003538571367
    },
    "esm2-t33_650M_length_weighted": {
      "model": "logreg",
      "macro_f1": 0.7960021646970065,
      "weighted_f1": 0.7979679562601981
    },
    "combined_hashed+esm2-t33_650M_length_weighted": {
      "model": "rf",
      "macro_f1": 0.835767736851664,
      "weighted_f1": 0.8439651497580336
    }
  }
}