biosynth_class,count,mean,median,std
NRPS,556,0.5720326672381761,0.5828504165157551,0.22279391151808056
PKS,717,0.6261092311368195,0.6602680188337559,0.25184822141301055
RiPP,413,0.25045404996785914,0.16570083303151034,0.24094180845347915
hybrid,413,0.6942044720085101,0.7327055414704817,0.2233435986530153
other,482,0.3358703999543132,0.2673850054328142,0.2394062845052046
terpene,181,0.3425194250621822,0.27453821079319085,0.25653527353297156
