biosynth_class,n,spearman_hashed_vs_esm,spearman_pvalue,top_decile_jaccard,mean_novelty_hashed,mean_novelty_esm
other,474,-0.3998915449728681,1.2548899258905218e-19,0.021739130434782608,0.3104232219633464,0.5752660149400716
NRPS,538,-0.3126926424867422,1.1456359584464482e-13,0.018867924528301886,0.5705346246905046,0.5115904714206104
PKS,695,-0.2660414840936492,1.0046330169766591e-12,0.037037037037037035,0.6270601886612153,0.3172762890257054
terpene,166,-0.24639651604869145,0.0013738307499869791,0.0,0.34200064013168424,0.7129832422669806
RiPP,359,-0.16334640636799536,0.001902406416211215,0.014084507042253521,0.253436437923179,0.6956573446163442
hybrid,404,0.23342933305768956,2.1055935583117513e-06,0.1111111111111111,0.6939335299753885,0.4492203205140249
