rank,genome,bgc_id,predicted_class,n_genes,n_domain_annotations,novelty,knn_mean_dist,nearest_dist,nearest_mibig,neighbor_class
1,Rare_actinobacterium_predicted,PRED0006,other,15,7,0.6440984793627806,4.5819981575012205,4.243827819824219,BGC0002148,other
2,Rare_actinobacterium_predicted,PRED0007,NRPS,28,8,0.6422881969587255,4.556501674652099,4.3497209548950195,BGC0002608,hybrid
3,Myxococcus_sp_predicted,PRED0008,hybrid,35,6,0.6379435191889935,4.521848964691162,4.298501014709473,BGC0002608,hybrid
4,Streptomyces_sp_predicted_1,PRED0002,PKS,18,6,0.5532223026792179,3.362000036239624,3.279789686203003,BGC0000043,PKS
5,Bacillus_sp_predicted,PRED0004,RiPP,8,4,0.49312092686459086,2.7695939540863037,2.7672555446624756,BGC0001493,RiPP
6,Micromonospora_sp_predicted,PRED0003,hybrid,22,5,0.3946415640839971,1.8247699737548828,1.7105692625045776,BGC0002619,PKS
7,Pseudomonas_sp_predicted,PRED0005,terpene,6,4,0.36422881969587256,1.5751676082611084,0.6381652355194092,BGC0002173,terpene
8,Streptomyces_sp_predicted_1,PRED0001,NRPS,12,5,0.3595220854453295,1.5365143775939942,1.096222996711731,BGC0001168,NRPS
