{
  "n_bgcs": 2762,
  "n_splits": 5,
  "best_model": "rf",
  "results": {
    "logreg": {
      "macro_f1": 0.6508312305881495,
      "weighted_f1": 0.6772056747997867,
      "report": {
        "NRPS": {
          "precision": 0.8260869565217391,
          "recall": 0.7517985611510791,
          "f1-score": 0.7871939736346516,
          "support": 556.0
        },
        "PKS": {
          "precision": 0.8120184899845917,
          "recall": 0.7350069735006973,
          "f1-score": 0.7715959004392386,
          "support": 717.0
        },
        "RiPP": {
          "precision": 0.5888689407540395,
          "recall": 0.7941888619854721,
          "f1-score": 0.6762886597938145,
          "support": 413.0
        },
        "hybrid": {
          "precision": 0.6384039900249376,
          "recall": 0.6198547215496368,
          "f1-score": 0.628992628992629,
          "support": 413.0
        },
        "other": {
          "precision": 0.5591939546599496,
          "recall": 0.4605809128630705,
          "f1-score": 0.5051194539249146,
          "support": 482.0
        },
        "terpene": {
          "precision": 0.4603174603174603,
          "recall": 0.6408839779005525,
          "f1-score": 0.535796766743649,
          "support": 181.0
        },
        "accuracy": 0.6759594496741491,
        "macro avg": {
          "precision": 0.6474816320437865,
          "recall": 0.6670523348250846,
          "f1-score": 0.6508312305881495,
          "support": 2762.0
        },
        "weighted avg": {
          "precision": 0.6883541897249502,
          "recall": 0.6759594496741491,
          "f1-score": 0.6772056747997867,
          "support": 2762.0
        }
      }
    },
    "rf": {
      "macro_f1": 0.7599092754544675,
      "weighted_f1": 0.7893622454779131,
      "report": {
        "NRPS": {
          "precision": 0.8878676470588235,
          "recall": 0.8687050359712231,
          "f1-score": 0.8781818181818182,
          "support": 556.0
        },
        "PKS": {
          "precision": 0.8533333333333334,
          "recall": 0.8926080892608089,
          "f1-score": 0.8725289706884799,
          "support": 717.0
        },
        "RiPP": {
          "precision": 0.7198177676537585,
          "recall": 0.7651331719128329,
          "f1-score": 0.7417840375586855,
          "support": 413.0
        },
        "hybrid": {
          "precision": 0.8453333333333334,
          "recall": 0.7675544794188862,
          "f1-score": 0.8045685279187818,
          "support": 413.0
        },
        "other": {
          "precision": 0.6618257261410788,
          "recall": 0.6618257261410788,
          "f1-score": 0.6618257261410788,
          "support": 482.0
        },
        "terpene": {
          "precision": 0.6162790697674418,
          "recall": 0.585635359116022,
          "f1-score": 0.6005665722379604,
          "support": 181.0
        },
        "accuracy": 0.7896451846488052,
        "macro avg": {
          "precision": 0.7640761462146282,
          "recall": 0.7569103103034753,
          "f1-score": 0.7599092754544675,
          "support": 2762.0
        },
        "weighted avg": {
          "precision": 0.790169561223853,
          "recall": 0.7896451846488052,
          "f1-score": 0.7893622454779131,
          "support": 2762.0
        }
      }
    }
  }
}